Airline	April 04, 2023	April 13, 2023	April 27, 2023	May 11, 2023	June 24, 2023	July 08, 2023	August 05, 2023	September 01, 2023	September 02, 2023	September 16, 2023	October 03, 2023	October 14, 2023	October 17, 2023
A AirLines	0	0	10	0	0	0	0	0	0	0	0	0	0
Adria Airways	0	0	0	0	0	9	27	0	0	0	0	0	0
AE	0	0	0	0	0	0	0	0	18	20	20	0	0
Aero Aghfiidnalxpvpdd	0	0	0	0	0	0	12	0	7	25	32	37	37
AeroFlot	46	46	0	3	10	16	16	0	0	0	0	0	0
Aerolineas Argentinas	31	35	37	46	58	58	66	0	0	0	0	0	0
Aerolineas de Las Americas	49	51	56	62	52	52	14	0	0	0	0	0	0
AeroLink	2	5	5	5	0	0	0	0	0	0	0	0	0
AeroLux Cruiser	132	157	198	245	336	339	367	0	27	75	108	146	154
AeroSwift	0	0	4	4	0	0	0	0	0	0	0	0	0
Aerova	113	110	100	64	129	129	175	0	24	20	24	30	30
Africa Air	59	70	110	138	3	3	0	0	0	0	0	0	0
AG Airlines	0	0	0	0	0	0	0	0	0	0	6	12	15
AI Air	0	0	0	0	0	0	0	0	0	0	0	0	0
Air Alpha	0	0	0	0	0	0	0	0	0	0	0	0	0
Air America	56	59	60	78	101	107	125	0	14	49	83	108	109
Air Asia	68	78	96	119	170	170	0	0	0	0	0	0	0
Air Astana	0	0	0	0	0	0	0	0	0	0	3	0	0
Air Berlin	0	0	0	0	0	0	0	0	0	12	49	90	98
Air Borealis	0	0	0	0	0	0	0	0	22	24	24	24	24
Air Boreas	0	0	0	0	0	0	0	0	3	14	17	17	17
Air Caucasus	0	0	0	0	0	10	47	0	0	0	0	0	0
Air Chowpatty	0	0	0	0	0	0	0	0	58	85	85	85	85
Air Corsica	0	0	0	0	0	0	0	0	37	34	67	96	101
Air Drake	222	236	223	64	180	191	245	0	11	20	43	70	79
Air Egypt	0	0	0	0	0	0	0	0	0	0	0	0	0
Air Europe	51	54	53	57	71	73	80	0	0	0	0	0	0
Air Flamenco	0	0	0	0	0	0	0	0	18	82	82	82	82
Air France	0	0	0	4	0	0	0	0	8	19	29	37	38
Air France KLM	0	0	0	0	0	0	0	0	5	5	0	0	0
Air Global	0	0	0	0	0	0	0	0	0	0	0	0	0
Air Greenland	0	0	0	0	0	0	40	0	0	0	0	0	0
Air India	173	241	269	0	125	151	206	0	34	39	24	40	43
Air Italy	64	68	73	80	83	83	23	0	0	0	0	0	0
Air Italy Express	80	82	87	93	98	99	101	0	0	0	0	0	0
Air Kerala	0	0	0	0	0	0	0	0	0	0	0	0	0
Air Kiribati	0	0	0	0	0	0	0	0	0	0	0	3	0
Air Koryo	89	100	108	120	126	134	144	0	0	0	0	0	0
Air Noumea	0	0	0	0	0	0	19	0	0	0	0	0	0
Air Party	0	0	0	0	0	12	47	0	0	0	0	0	0
Air Plain	0	0	0	0	15	0	0	0	0	0	0	0	0
Air Pooxle	44	54	69	86	127	127	138	0	8	8	0	0	0
Air SacTor	10	14	14	16	0	0	0	0	0	0	0	0	0
Air Seychelles	0	0	0	0	3	8	23	0	0	0	0	0	0
Air Sim	0	0	0	4	8	0	0	0	0	0	13	21	28
Air Tahoma	0	0	0	0	0	0	0	0	0	0	0	0	0
Air Toro	0	0	0	0	0	0	0	0	33	78	124	163	165
Air Tuvalu	0	0	0	0	0	0	0	0	0	0	0	0	0
Airair	19	21	28	30	44	44	52	0	9	18	36	8	23
AirBaltic	0	0	0	0	0	0	0	0	23	35	62	69	69
airisrare	0	0	0	0	0	0	0	0	0	0	0	0	0
airline go brrr hehe	3	13	20	20	20	0	0	0	0	0	0	0	0
Airline Name	0	0	0	0	0	0	0	0	43	82	116	118	118
AirMex	0	0	0	0	0	0	0	0	8	8	0	0	0
AirMilo	0	0	0	0	0	0	0	0	14	32	38	41	43
AIRTROPIKA	13	13	0	0	0	0	9	0	4	7	7	0	0
AIX Connect	0	0	0	0	0	0	0	0	0	0	0	0	0
Ajwaa Airlines	288	316	377	436	622	657	657	0	0	0	0	0	0
Akasa Air	0	0	0	0	0	0	0	0	19	41	53	72	80
AkasaAirlines	0	0	0	0	5	4	5	0	0	0	0	0	0
Alas del Sur	51	51	51	51	0	0	0	0	0	0	0	0	0
Albatross Air	0	0	0	0	0	0	26	0	22	43	43	43	0
Alitalia	0	0	0	0	4	8	19	0	6	10	22	35	42
Alitalia Cityliner	0	0	0	0	15	33	45	0	0	0	0	0	0
AlixAir	0	0	0	0	0	0	11	0	0	0	0	0	0
All Nippon Airways	35	0	0	0	0	5	0	0	17	30	7	9	11
Allegiant	5	5	0	0	0	0	0	0	0	0	0	0	0
Allegiant Air	0	0	0	0	0	0	0	0	0	3	22	23	23
Alliance Airline	0	0	0	0	0	0	0	0	1	13	46	48	50
Allitalia	0	0	0	0	0	0	0	0	0	0	0	0	0
Alpine Airways	47	47	47	47	0	0	0	0	0	0	0	0	0
altairline	4	4	4	4	0	0	0	0	0	0	0	0	0
AmazonAir	22	22	22	0	0	0	13	0	10	10	0	0	0
Amber Airways	0	0	0	0	19	31	54	0	0	0	0	0	0
America Eastern	0	0	0	0	0	13	48	0	0	0	0	0	0
America West Airlines	0	0	0	0	0	0	0	0	9	9	9	0	0
American	0	0	0	13	25	31	38	0	0	0	0	0	0
American Airlines	0	0	0	0	0	0	0	0	5	5	0	0	0
American Airways	0	0	0	0	0	3	0	0	0	0	0	0	0
American Eagle	0	0	0	0	0	0	0	0	0	0	0	0	0
AmericanDream	0	0	0	0	0	0	0	0	33	72	101	110	112
ANA	2	0	0	0	0	0	0	0	7	12	15	0	0
Antarctic Air	0	0	0	0	0	0	0	0	2	56	69	67	85
Antarctic Airways	0	0	0	0	0	0	0	0	6	9	9	9	9
ArcticWolf	0	0	0	0	0	0	0	0	0	1	2	3	3
areodave	0	0	0	0	0	0	0	0	0	0	0	0	4
Argentina de Aviacion	0	0	0	0	0	0	0	0	0	19	32	32	32
ArmyAir	0	0	0	0	0	0	0	0	4	14	16	16	16
Arthas Airlines	0	0	0	0	0	0	0	0	2	2	0	0	0
As The Crow Flies	0	0	0	0	0	0	0	0	19	25	24	24	24
Ascension Air	0	0	0	0	0	0	0	0	9	10	10	10	10
asdfghjk	0	0	0	2	0	0	0	0	0	0	0	0	0
Asia Eastern	0	0	0	0	0	13	59	0	0	0	0	0	0
AsiaJet	0	0	0	0	0	0	0	0	0	0	0	0	0
Asiana	0	0	0	0	0	0	0	0	3	0	0	0	0
Astute Air	0	0	2	2	0	0	0	0	0	0	0	0	0
Athena Airways	30	35	46	56	30	30	35	0	0	0	0	0	0
Atlantique	53	64	72	74	82	104	0	0	0	0	0	0	0
auf den Punkt	0	0	0	0	0	0	0	0	0	0	0	0	0
Australasian Airlines	0	0	0	0	0	0	20	0	0	0	0	0	0
Australia Connect	0	0	0	0	0	0	0	0	0	0	0	6	9
Avianca	11	0	0	0	0	0	0	0	0	0	0	0	0
Azul Linhas Aereas Brasileiras	70	101	105	105	0	0	0	0	0	0	0	0	0
Azur Pacific	0	0	6	17	50	32	74	0	26	57	73	73	73
banana	0	0	0	0	0	0	0	0	4	0	0	0	0
Bark and Fly	55	74	88	98	123	123	124	0	6	26	112	188	210
Bayanihan Airlines	0	0	0	0	0	0	0	0	3	18	32	49	58
BEA	0	0	0	0	0	0	0	0	0	0	0	8	10
BearAir	0	0	0	0	0	0	0	0	2	4	12	22	22
BEE Airlines	0	0	0	0	0	0	0	0	0	0	0	0	0
Bell Air	0	0	0	0	0	0	0	0	0	0	0	0	0
BergenAir Int	0	0	0	0	0	0	3	0	0	0	0	0	0
Biscuit Aviation	11	11	15	15	15	15	35	0	11	25	28	28	28
Bison Express	23	29	55	47	68	78	78	0	0	0	0	0	0
BizzCel	0	0	0	0	0	0	0	0	0	0	0	0	0
Blue Dart Express	113	113	113	113	0	0	0	0	0	0	0	0	0
Blue Horizon	29	29	29	0	0	0	0	0	0	0	0	0	0
Bluebird	0	0	9	18	132	145	155	0	6	31	67	92	103
BlueSky	0	0	0	0	0	0	0	0	0	19	44	58	67
BN Air	0	0	0	0	15	27	34	0	0	0	0	0	0
BOAC	0	0	0	0	103	153	199	0	0	0	0	0	0
Bolt	8	16	22	21	39	51	51	0	0	0	0	0	0
BOOM	21	21	4	7	0	0	0	0	0	0	0	0	0
Borealis	34	39	53	67	70	0	0	0	0	0	0	0	0
Bradleys Steaks and Airways	139	165	187	249	322	311	313	0	0	0	0	0	0
Buco	0	0	0	0	0	0	0	0	32	76	116	129	137
BunnyAir	0	0	0	0	0	0	12	0	19	59	84	111	113
BunnyTest	0	0	0	0	0	0	0	0	0	0	0	0	0
Bush Chicks	199	252	329	353	378	380	383	0	0	0	0	0	0
caelestis Airlines	0	0	7	4	4	9	23	0	0	0	0	0	0
Caelum Airlines	0	0	0	0	0	0	0	0	17	52	54	54	54
Canada Goose	0	0	0	0	0	0	0	0	10	13	2	2	2
Canadian Airlines	0	0	0	0	0	0	0	0	0	0	0	0	0
Capp Air	0	0	0	0	0	0	0	0	0	0	0	0	0
Carrot Origin Airways	0	0	0	0	0	0	0	0	32	77	92	139	148
Cathay Atlantic	0	0	0	0	0	0	0	0	0	25	40	40	40
Cathay Pacific	49	0	0	0	0	0	0	0	11	17	17	0	0
CAVE Airlines	0	0	0	0	0	0	0	0	0	0	0	0	0
celestisExpress	0	0	0	0	0	0	8	0	0	0	0	0	0
Cheap Trick	6	6	0	0	0	0	0	0	0	0	0	0	0
Chicken Fly Good Airways	0	0	0	0	0	0	0	0	26	67	106	132	134
Chicken Wings	301	318	338	355	382	382	382	0	37	98	154	195	204
China Number One	392	424	434	439	472	472	472	0	0	0	0	0	0
China Western	3	3	0	0	0	0	0	0	0	0	0	0	0
CitrusAir	0	0	0	0	4	3	12	0	0	0	0	0	0
Clearsky Airways	0	0	10	12	16	16	16	0	0	0	0	0	0
Cloud Stream	0	0	0	0	0	5	17	0	9	10	20	9	8
Cock of the Walk	163	169	191	213	259	274	288	0	0	0	0	0	0
Cold Air	0	0	0	0	0	0	0	0	53	133	256	279	291
Condor	0	0	0	0	0	0	0	0	18	48	67	70	70
Congo Airways	0	0	0	0	0	0	0	0	0	0	0	0	0
ContinentalSky	105	0	0	0	21	28	33	0	0	0	0	0	0
CopeAir	0	0	0	7	0	0	0	0	0	0	0	0	0
Corona Air	0	0	0	0	0	0	0	0	0	0	0	0	0
Corridian AIrlines	0	0	0	0	0	0	0	0	0	0	0	0	0
Corsair	0	0	0	0	0	0	0	0	0	0	12	21	24
Cosmicair	0	0	0	0	0	0	0	0	1	5	7	8	8
Cow airways	0	0	0	0	0	0	0	0	15	45	54	54	54
CRANAIR	0	2	4	12	26	0	0	0	0	0	0	0	0
Cream City Airlines	0	0	0	0	0	0	0	0	8	21	37	52	58
Crescent International	8	8	0	0	0	0	0	0	0	0	0	0	0
Croair	21	27	31	50	69	69	0	0	0	0	0	0	0
Croatia airlines	0	0	0	0	0	0	0	0	0	0	0	0	0
Croc a While	0	0	0	0	0	0	0	0	0	0	0	4	6
CrossAir	0	0	0	0	0	0	0	0	0	8	16	16	20
Crown Air	0	0	0	0	0	0	0	0	14	47	55	55	55
CrownVector	0	0	0	0	0	0	0	0	0	0	0	0	0
Crystal Airways	0	0	0	0	0	0	0	0	47	86	86	89	93
Crystl Air	4	4	0	0	0	0	0	0	0	0	0	0	0
Cubana	3	3	3	0	0	0	0	0	0	0	0	0	0
Czech Airlines	23	38	38	38	0	0	0	0	0	0	0	0	0
DC Airways	0	0	0	0	0	34	54	0	0	0	0	0	0
Delta Air Lines	0	0	0	0	0	0	0	0	29	90	114	114	114
Delta Air Lines Inc	0	0	0	0	75	90	91	0	0	0	0	0	0
Derriere Direct	0	0	0	0	0	0	0	0	28	49	50	50	50
DesertXpress	0	0	0	0	0	0	0	0	0	5	11	17	17
Diligo	0	0	0	0	0	0	0	0	5	5	0	0	0
Dilmun Air	0	0	0	0	0	0	0	0	6	15	35	49	55
Dinasty Airways	3	10	15	32	35	35	3	0	0	0	0	0	0
Down In Flames	0	0	0	0	6	6	0	0	0	0	0	0	0
Down with Global	0	0	0	0	0	0	0	0	56	183	267	332	347
Dragon	0	0	32	40	87	92	110	0	13	9	15	16	16
Dragon Airways	0	0	0	0	0	2	0	0	0	0	0	0	0
Dune Airways	151	154	156	156	0	0	0	0	0	0	0	0	0
Dutch Lion Airlines	77	101	110	126	140	141	150	0	10	33	45	63	65
EA	0	0	0	0	0	0	0	0	8	11	11	0	0
Eagle Air Lines	6	26	30	41	63	67	0	0	5	5	0	0	0
East Coast Air	0	0	0	0	0	0	0	0	4	4	0	0	0
Easter Island Airlines	0	0	0	0	0	0	0	0	0	0	0	0	0
Eastern African Airways	0	0	3	3	3	0	0	0	0	0	0	0	0
EASTERN AIR	0	0	0	0	0	0	0	0	0	0	0	0	0
Eastern Airways	0	0	0	0	0	0	0	0	0	0	0	0	0
easyAir	0	0	0	0	0	0	0	0	0	0	0	0	0
ECMA	0	0	0	0	0	0	0	0	0	0	0	0	0
Edmaity	0	0	0	4	23	25	0	0	15	20	23	23	23
Edmaity Air	0	0	0	0	10	13	0	0	12	13	13	0	0
Egypt Air	58	59	60	60	60	60	60	0	0	0	0	0	0
eightsevenairline	0	0	0	0	38	38	0	0	0	0	0	0	0
El Al	0	0	0	0	0	0	0	0	0	0	0	0	0
Emerald	0	0	0	0	0	0	0	0	4	4	4	4	4
Emirates	0	0	0	0	0	0	2	0	0	0	0	0	0
Empire Airlines	293	306	359	380	380	380	0	0	0	0	0	0	0
Empress Link	0	0	0	0	0	0	0	0	18	9	9	9	9
Endeavor	93	101	100	107	128	118	128	0	20	59	91	102	104
Enterprise Airforce	0	0	0	0	0	0	0	0	0	0	0	1	3
Etihad Airways	0	0	0	0	0	0	0	0	0	0	0	0	0
Eu int	0	0	0	0	0	0	0	0	0	0	0	0	0
Europae	0	0	0	0	0	22	54	0	0	0	0	0	0
Europair	36	38	41	41	48	48	51	0	0	0	0	0	0
Europe Air	29	33	37	38	0	0	0	0	0	0	0	0	0
Europe Eastern	0	0	0	0	0	8	39	0	0	0	0	0	0
European Aer	0	0	0	0	0	0	0	0	2	2	0	0	0
European Star Airways	0	0	0	0	1	1	0	0	0	0	0	0	0
Eurowings	25	25	0	0	0	0	0	0	0	0	0	0	0
EVA Air	0	0	0	0	0	0	0	0	0	0	0	0	0
Evorion airlines	0	0	0	0	0	0	0	0	0	0	0	0	0
Exotic Airways	0	0	0	0	0	0	0	0	0	0	0	0	0
ExtraVirgin Airways	0	0	0	0	0	0	0	0	0	0	0	0	0
Fall Down Airways	0	0	0	0	0	0	0	0	12	25	31	34	36
FallDown Airways	15	17	20	23	0	30	55	0	0	0	0	0	0
Faraway Air	0	0	0	0	0	0	18	0	0	0	0	0	0
Feather Air	4	4	4	0	0	0	0	0	0	0	0	0	0
feelsliner	42	42	0	0	0	0	0	0	0	0	0	0	0
FijiAir	25	26	26	28	29	28	28	0	21	37	46	43	64
Finnair	6	0	0	0	0	0	0	0	25	50	57	57	57
Five Starlux	0	0	0	0	0	0	0	0	0	0	59	59	59
Flair	0	0	0	0	0	0	0	0	0	0	0	0	0
Floridian	0	0	0	0	0	0	0	0	0	21	65	107	120
Fly CBC	0	0	0	0	0	0	26	0	0	0	0	0	0
Fly Global	0	0	0	0	0	0	0	0	0	0	0	0	0
Fly Good	0	0	0	0	0	13	65	0	0	0	0	0	0
Fly Mumbai	0	0	0	0	0	0	0	0	0	0	0	0	0
Fly Pooxle	29	14	19	36	85	89	109	0	13	13	0	0	0
Fly Sahel	0	0	0	0	0	4	29	0	0	0	0	0	0
Fly Viking	0	0	0	0	0	0	6	0	0	0	0	0	0
Fly Whitney	14	19	24	15	7	10	10	0	10	34	0	14	17
FlyAir	5	5	0	0	0	0	0	0	0	0	0	0	0
FlyCorsica	0	0	0	0	0	0	0	0	4	0	0	0	0
Flyfly	9	9	13	13	17	17	18	0	0	0	0	0	0
Flying Bacon Airways	162	180	187	192	107	109	110	0	0	0	0	0	0
Flying Guacamole	0	0	0	0	0	0	0	0	0	0	0	0	0
Flying Munchkin	16	16	0	0	0	0	0	0	0	0	0	0	0
Flying on The Moon	66	72	80	40	41	41	41	0	0	0	0	0	0
Flying Sheep Airlines	0	0	0	0	0	0	0	0	19	41	64	77	82
flyme	0	0	0	0	0	0	0	0	0	0	0	0	0
Flynor	4	7	11	11	17	17	0	0	0	0	0	0	0
Flyr	88	88	0	0	0	0	0	0	0	0	0	0	0
FlyWithMe	0	0	0	0	33	43	43	0	0	0	0	0	0
FO Airlines	0	0	4	0	0	0	0	0	0	0	0	0	0
From Door to Door Airways	40	53	69	80	125	134	159	0	0	0	0	0	0
Frontier Airways	0	0	0	0	0	0	0	0	6	0	0	0	0
Funky Airlines	0	0	0	0	0	0	0	0	0	0	0	0	0
Gabacho	0	0	0	0	0	0	0	0	0	17	38	38	38
Galactair	28	34	45	51	65	66	67	0	0	0	4	9	9
Garuda Indonesia	0	0	0	0	0	0	0	0	22	32	38	54	54
Garuda International	0	0	0	0	0	0	0	0	42	84	118	142	151
Gator Air	0	0	0	0	0	0	0	0	18	0	0	0	0
Gator Raid	0	0	0	0	0	0	0	0	0	87	167	206	222
GDI Air	19	16	23	31	46	53	59	0	11	25	51	59	59
Gekko	0	0	0	0	0	0	0	0	0	34	37	37	37
Gibbs Airways	0	0	0	0	0	0	0	0	0	0	0	0	0
Giggity Giggity	50	54	59	60	0	0	0	0	0	0	0	0	0
Gliding Goat Airlines	0	0	9	10	0	0	0	0	0	0	0	0	0
Global Airlines	0	0	0	0	0	0	0	0	0	0	0	0	0
Global Express	0	0	0	0	39	53	61	0	9	20	33	42	42
Global Express Airways	0	0	0	0	25	29	31	0	0	0	0	0	0
Global Red Airways	0	0	0	0	0	0	5	0	0	0	0	0	0
Glorious Chicken	481	544	665	689	670	670	670	0	27	94	151	168	168
Go Big or Go Home	24	24	24	24	0	0	0	0	0	0	0	0	0
Going Merry	25	27	0	0	0	0	0	0	0	0	0	0	0
Gol Linhas Aereas	0	0	0	13	61	61	0	0	0	0	0	0	0
Golden Air	0	0	0	15	82	107	128	0	0	0	0	0	0
Golden Pacific Transit	5	5	5	7	0	0	0	0	0	0	0	0	0
Golden State Airways	0	0	0	0	0	0	0	0	27	52	79	100	104
Goldfinch Air	0	0	0	0	0	0	0	0	24	45	45	45	0
Gondor Air	0	0	0	0	0	0	0	0	0	9	43	75	81
good	0	0	0	0	0	0	0	0	0	0	3	3	3
Goose Feathers	125	133	156	165	185	185	187	0	0	0	0	0	0
Grand China Air	0	0	0	0	0	0	0	0	29	56	0	0	0
Grape Adventures Airways	43	48	59	63	67	70	16	0	21	37	45	45	47
Grauvolf Expeditionary Fleet	0	0	0	0	0	0	0	0	0	0	0	0	0
Grauvolf Exploratory Fleet	0	0	0	0	0	0	0	0	0	0	0	0	0
Grauvolf Transport	0	0	0	0	13	20	36	0	0	0	0	0	0
Great Lakes Air	0	0	0	0	0	0	0	0	0	0	0	0	0
Grogair	0	0	0	0	9	9	15	0	0	0	1	1	1
Gulf Air	35	2	2	15	0	0	0	0	0	0	0	0	0
GullivAir	0	0	0	0	0	0	0	0	9	22	32	11	5
Hainan Airlines	0	0	0	0	0	0	0	0	33	98	152	172	172
Hakata Airways	0	0	0	0	1	1	0	0	0	0	0	0	0
Harrier Africa	0	0	0	0	0	0	0	0	0	0	0	0	0
Harrier Airlines	0	0	0	0	0	0	8	0	0	0	0	0	0
Harrier American Airlines	0	0	0	0	0	0	0	0	6	20	27	26	26
Harrier Canada	0	0	0	0	0	0	0	0	0	0	6	0	0
Harrier Far East	0	0	0	0	0	0	0	0	0	0	4	4	4
Harrier Iceland	0	0	0	0	0	0	0	0	2	6	12	13	13
Harrier Oceania	0	0	0	0	0	0	0	0	0	0	3	5	5
Harz Roller	0	2	2	0	0	0	0	0	0	0	0	0	0
Hawaii Airlines	0	0	0	0	4	4	0	0	0	0	0	0	0
Hehshs	0	0	0	0	0	0	0	0	0	0	0	0	0
hhiihhii	0	1	1	1	0	0	0	0	0	0	0	0	0
Himmelbahn	0	0	0	0	0	0	17	0	0	0	0	0	0
Hogwarts Express	121	132	154	188	225	232	248	0	0	0	0	0	0
Hooters Air	231	250	275	269	302	327	322	0	0	0	0	0	0
Hop Air	0	0	0	0	19	34	53	0	1	1	0	0	0
Horizon	0	0	0	0	0	0	0	0	28	43	52	56	56
Hot Air	0	0	0	0	0	0	0	0	36	84	165	212	214
I know what you are doing	0	0	0	0	0	0	0	0	0	0	0	0	0
Iberia	0	0	0	0	0	0	0	0	0	0	0	0	0
Iberia Lineas Aereas de Espana	0	0	0	0	0	45	88	0	0	0	0	0	0
iFly Germany	16	23	10	10	0	0	0	0	0	0	0	0	0
IKEA Airlines	4	4	4	0	0	0	0	0	0	0	0	0	0
Imperial Skyways	0	0	0	0	0	0	0	0	0	0	0	0	0
ImperialEX	641	691	762	887	1022	1022	0	0	0	0	0	0	0
Imprimamos dinero	0	0	0	0	0	0	0	0	0	0	0	0	0
INACTIVE	0	0	0	0	0	0	0	0	0	0	0	0	0
Independiente Aviation	4	4	0	0	0	0	0	0	0	0	0	0	0
Indigo	0	0	0	0	0	16	18	0	44	106	157	197	212
Infinity Air	242	396	398	402	341	337	0	0	0	0	0	0	0
Inteligent Air	0	0	0	0	0	0	0	0	17	19	8	13	13
IntelligentAir	6	16	21	24	32	32	0	0	0	0	0	0	0
International Airlines Group	0	0	0	2	5	5	4	0	4	4	0	0	0
InterSky Airways	83	86	90	91	0	0	0	0	0	0	0	0	0
Intl Airways	0	0	0	0	0	14	21	0	0	0	0	0	0
Irrationale	0	0	0	7	33	39	41	0	5	30	71	81	81
Irrationale Asia	0	0	0	9	50	61	64	0	4	21	54	77	82
Irrationale Europe	0	0	0	4	31	31	31	0	0	0	0	0	0
Island Hopper	34	50	8	0	0	0	58	0	0	0	0	0	0
italiancoco	0	0	0	0	51	70	103	0	36	67	97	114	114
J Airlines	0	0	0	0	0	0	0	0	16	7	26	15	18
Jade Airways	0	0	0	0	11	21	41	0	0	0	0	0	0
Japan Airlines	0	0	0	0	7	11	30	0	7	8	8	0	0
JBAir	0	0	0	0	0	0	0	0	0	0	0	0	0
jet airways	1	1	0	0	0	0	0	0	0	0	0	0	0
Jet Airways	0	0	0	0	0	0	0	0	0	0	0	5	5
Jet Connect	47	54	54	54	0	0	0	0	0	0	0	0	0
Jet Godwit	0	0	0	0	0	0	0	0	4	4	4	0	0
JetAtlas	0	0	0	0	0	0	0	0	3	3	0	0	0
JetCali	0	0	0	0	3	3	0	0	0	0	0	0	0
jetDog	0	0	0	0	0	0	5	0	0	0	0	0	0
JetLines	0	0	0	0	0	0	9	0	0	0	0	0	0
JetMew	0	0	0	0	0	0	0	0	27	84	103	103	103
Jetstar	44	0	0	0	0	0	0	0	0	0	0	0	0
Jetstream	0	0	0	0	0	0	0	0	2	12	24	41	42
JGT Express	0	0	0	0	0	0	0	0	0	0	0	0	0
JMC Express	0	0	0	0	0	0	0	0	28	95	133	163	163
JOHN CENA	0	0	0	0	0	5	6	0	0	0	0	0	0
Johnny sins air	0	0	0	0	0	0	0	0	0	0	0	0	0
Jollibee	0	0	0	0	0	0	5	0	0	0	0	0	0
justanairliner	17	17	0	0	0	0	0	0	0	0	0	0	0
Kangaroo Airlines	0	0	0	0	0	0	0	0	0	0	0	0	0
Karoline	18	23	24	0	5	11	14	0	18	27	42	46	46
Keystone Air	59	77	89	93	99	104	0	0	6	6	0	0	0
King Fisher	22	21	23	27	72	89	113	0	0	0	0	0	0
KingFishers	0	0	0	0	0	0	0	0	37	75	113	127	133
KLM	60	75	84	0	6	11	4	0	10	24	40	49	49
KLM Cityhopper	0	0	0	0	0	0	0	0	0	0	0	0	0
Koala Air	331	379	454	578	685	695	711	0	0	0	0	0	0
Konnekt	0	0	0	0	0	0	0	0	0	0	2	2	2
Korean Air	0	0	0	0	0	0	0	0	4	4	0	0	0
Kosair	0	4	4	30	49	49	0	0	0	0	0	0	0
Kosairline	0	5	5	5	0	0	0	0	0	0	0	0	0
Kosairlines	0	5	5	5	0	0	0	0	0	0	0	0	0
KOSOAIR	0	3	6	6	15	0	0	0	0	0	0	0	0
Kotlin	0	0	0	0	0	0	0	0	1	1	0	0	0
Kruskal	9	9	0	0	0	0	0	0	0	0	0	0	0
KSK Airline	0	0	0	0	0	0	7	0	0	0	0	0	0
Kuaile Feiji	266	308	368	368	0	0	0	0	0	0	0	0	0
Kurtisair	0	10	10	10	0	0	0	0	0	0	0	0	0
Kyoto Airways	32	32	32	32	0	0	0	0	0	0	0	0	0
Lake and Forest Air	0	0	0	0	0	0	0	0	19	31	51	60	61
Landmark Airways	0	0	0	0	0	0	3	0	0	0	0	0	0
LATAM	0	0	0	0	0	0	0	0	23	47	56	56	56
LeAfri Airlines	0	0	0	0	4	0	0	0	0	0	0	0	0
Level	170	186	208	246	0	0	0	0	0	0	0	0	0
Leyyanne Air	0	0	0	0	0	0	0	0	0	0	0	0	0
Leyyanne Airlines	0	0	0	0	0	0	0	0	0	0	0	0	0
LiamAir	0	0	0	0	0	0	0	0	0	0	0	0	0
Liberation Airways	0	0	0	0	0	0	0	0	12	0	0	0	0
Liberty Skies	0	0	0	0	0	0	0	0	0	0	0	0	0
Lillicomb Skies	0	0	0	0	2	2	0	0	0	0	0	0	0
Linglong Air	0	0	0	0	0	0	0	0	35	121	188	230	244
Local Transit	0	0	20	33	0	0	0	0	0	0	0	0	0
Logic Air	8	0	0	5	0	0	0	0	0	0	0	0	0
Lone Star Airways	0	0	0	0	0	0	0	0	0	0	0	0	0
Low Safety Air	0	0	15	45	124	152	175	0	0	0	0	0	0
Lufthansa	120	127	138	140	0	0	0	0	10	34	44	44	44
Lulu Airlines	0	0	0	0	0	0	0	0	0	0	6	15	18
LunarWings	0	0	0	0	0	0	0	0	4	24	41	49	49
Mach Two	49	66	84	102	188	202	234	0	0	0	0	0	0
Magnetar Airways	0	0	0	0	0	0	0	0	1	1	0	0	0
Majesty Airways Group	0	0	0	0	0	0	0	0	0	0	0	0	0
Malaysia Airlines	0	0	0	0	0	0	0	0	0	0	0	0	0
Mango Airlink	84	94	97	108	132	145	153	0	0	0	0	0	0
Mango Cats	0	0	0	0	0	0	0	0	57	115	172	247	242
Mango Express	0	0	0	0	0	0	0	0	57	159	247	299	311
Mango Skies	0	0	0	0	0	0	0	0	34	101	163	215	225
Maple Syrup Express	0	0	0	0	0	0	0	0	0	0	0	0	0
Maple Syrup Expresss	0	0	0	0	0	0	0	0	41	91	122	126	126
Mare Caelum	52	68	86	97	161	186	219	0	0	0	0	0	0
Maroc Airlines Group	0	0	0	0	3	5	9	0	0	0	0	0	0
mattairline	0	4	4	4	0	0	0	0	0	0	0	0	0
Mattairlines	0	3	3	3	0	0	0	0	0	0	0	0	0
McFly	10	10	10	0	0	0	0	0	0	0	0	0	0
Mediterranean	9	9	9	9	0	0	0	0	0	0	0	0	0
Meep Airlines	0	0	0	0	0	0	0	0	0	0	0	0	0
Metro Air	0	0	0	0	0	0	0	0	24	61	97	120	120
MG Airlines	0	0	0	0	0	0	0	0	2	5	0	0	0
MGM Air	0	0	0	0	0	0	0	0	47	71	81	81	81
MIAT Mongolian Airlines	8	0	0	0	0	0	0	0	0	0	0	0	0
Midway Airlines	35	47	55	55	66	67	67	0	0	0	0	0	0
Midwestern	0	0	0	0	0	0	3	0	0	0	0	0	0
Midwestern Air	0	0	0	0	0	0	0	0	5	4	4	4	0
Mile High	179	202	211	218	0	0	0	0	0	0	0	0	0
mimmmimim	0	0	0	0	0	0	0	0	0	0	0	0	0
Mitchell Air	0	0	0	0	0	0	0	0	0	0	0	0	0
Moup	11	26	49	70	102	102	148	0	0	0	0	0	0
MOUP	0	0	0	0	0	0	0	0	33	96	143	198	207
MYAirline	0	0	0	0	0	0	0	0	3	4	4	0	0
myfly	0	0	0	0	0	0	0	0	0	0	0	0	0
MyFly or die	0	0	0	0	0	0	0	0	4	14	14	14	0
NAO air	187	202	218	251	338	344	364	0	0	0	0	0	0
Newfoundland And Labrador Airlines	0	0	0	0	0	0	20	0	0	0	0	0	0
NewTra	18	18	18	18	0	0	0	0	0	0	0	0	0
Next	0	0	0	0	0	0	2	0	0	0	0	0	0
Nick Cage Con Air	0	0	0	3	8	8	8	0	0	0	0	0	0
Nonstop Flying	42	49	60	75	124	124	0	0	13	34	39	39	43
NOOTNOOT	144	185	200	225	215	215	0	0	0	0	0	0	0
NordStar	0	0	0	0	0	0	0	0	25	79	108	108	108
Nordwind Airlines	56	64	71	77	86	86	0	0	0	0	0	0	0
northbest	7	10	25	40	81	94	110	0	7	10	25	49	52
Northeast Airlines	0	0	0	0	0	0	38	0	0	0	0	0	0
Northern Airline	0	0	0	0	0	0	0	0	0	0	0	0	0
NorthSouth Airlines	0	0	0	0	0	0	0	0	0	0	0	0	0
NorthWestern	0	0	0	0	8	15	15	0	0	0	0	0	0
Norwegian	0	0	0	0	25	29	29	0	0	0	0	0	0
Nova Air	0	0	0	0	0	0	0	0	11	42	44	46	49
ocean trip	12	5	10	11	0	0	8	0	0	0	0	0	0
Oceanian Airlines	0	0	0	0	2	5	6	0	0	0	0	0	0
Offbrand air	28	32	38	45	51	54	56	0	0	0	0	0	0
Offbrand Air	0	0	0	0	0	0	0	0	1	8	8	0	0
Offbrand Airlines	25	27	0	2	16	25	38	0	11	0	0	0	0
Okami Airlines	0	0	0	0	0	0	0	0	0	0	0	0	0
One Airline	0	0	0	0	0	0	0	0	5	5	0	0	0
Otter Tail Air	0	0	0	0	0	0	0	0	27	57	85	101	104
Overnight Skies	6	6	6	6	0	1	0	0	0	0	0	0	0
OverSeas Airlines	0	0	0	5	16	0	0	0	0	0	0	0	0
Pablopilar Airlines	0	0	0	3	0	0	0	0	0	0	0	0	0
Pacific Island Air	0	0	0	0	3	3	6	0	0	0	0	0	0
Pacific Skylink	88	91	96	100	103	105	0	0	0	0	0	0	0
Pakistan Internation Airlines	17	17	18	20	26	26	29	0	0	0	0	0	0
Pan Pacific Airways	16	20	0	0	0	0	0	0	0	0	0	0	0
Papua Wings	0	0	0	0	0	0	0	0	0	0	0	0	0
Peach Air	0	0	0	0	0	0	0	0	5	10	15	15	15
PeachAir	7	7	7	8	0	0	7	0	0	0	0	0	0
Penerbangan IndoRaya	0	0	0	0	0	0	0	0	0	0	0	0	4
Penn State School Bus	0	0	0	0	0	0	0	0	0	0	0	0	0
Persian Cat Meoways	0	0	0	0	0	0	0	0	17	43	68	79	82
Phantom Air	68	70	72	74	0	0	0	0	0	0	0	0	0
Phenom Air	0	0	0	0	0	0	0	0	0	0	0	0	0
Phoenix	0	0	0	0	0	0	0	0	0	0	0	0	0
Phoenix Airlines	0	0	0	0	0	0	0	0	4	4	0	0	0
Phoenix Express	129	148	160	177	209	226	232	0	0	0	0	0	0
Phoque Air	283	303	349	441	488	488	0	0	0	0	0	0	0
Piedmont	47	47	47	47	0	0	0	0	0	0	0	0	0
Pildong Airlines	3	0	0	0	0	0	0	0	0	0	0	0	0
Pineapple Air	534	611	679	773	824	839	844	0	51	75	82	82	82
Pingu Air	3	6	7	7	0	0	0	0	0	0	0	0	0
Pinkdotcom	0	0	0	0	0	0	0	0	0	0	2	9	11
PinkDotcom	53	57	64	71	65	65	66	0	0	0	0	0	0
Polynesian Airline	0	0	0	0	3	5	5	0	0	0	0	0	0
Polynesian Airlines	3	5	0	0	0	0	0	0	0	0	0	0	0
Pooxle	25	59	69	93	194	200	223	0	16	16	0	0	0
Pooxle Airlines	24	48	59	70	112	132	137	0	25	30	30	0	0
Pooxle Airways	63	72	88	102	137	137	157	0	8	18	18	0	0
Pooxle America	0	0	0	0	0	0	13	0	0	0	0	0	0
Premier Express	0	0	0	0	0	0	0	0	0	0	0	0	0
Premium aviator airways	0	0	0	0	0	0	0	0	0	0	0	11	16
PRIME AIRLINES	0	0	0	0	0	0	2	0	0	0	0	0	0
Progresso	0	0	0	0	0	0	0	0	14	48	50	50	50
Prometheous	0	0	0	0	0	0	0	0	0	0	0	0	0
Proton Airways	13	11	20	36	91	115	164	0	0	0	0	0	0
Putin Ratways	137	144	153	159	197	197	197	0	0	0	0	0	0
Qantas	0	0	0	3	0	0	0	0	4	4	0	0	0
Qantas Link	0	0	0	0	0	0	0	0	26	109	154	155	161
Qantas MEA	0	0	0	0	0	0	0	0	10	22	22	43	43
Qatar Airways	45	42	42	43	52	52	0	0	3	3	3	0	0
Qatar Airways Group	0	0	0	2	12	15	6	0	0	0	0	0	0
Quantas	55	0	28	28	57	64	64	0	0	0	0	0	0
quasarsawesomeairline	43	45	55	58	56	56	2	0	0	0	0	0	0
Quickdotcom	0	0	0	0	0	0	0	0	0	0	3	11	14
Ramirez Air	17	31	38	52	54	54	60	0	22	39	72	93	101
Random Airline	14	15	17	17	28	30	35	0	0	0	0	0	0
Rat King	0	0	0	0	1149	1196	1278	0	0	0	0	0	0
Rat Wings	774	839	924	1000	0	0	0	0	0	0	0	0	0
Ravens and Swans	14	14	13	23	47	47	48	0	0	0	0	0	0
Rdnk air	0	0	0	0	0	0	0	0	16	6	6	6	6
Rdnkexpress	110	127	149	169	94	94	40	0	0	0	0	0	0
ReafAirways	0	38	48	66	0	0	0	0	0	0	0	0	0
Rebel Airlines	313	319	319	307	0	0	0	0	0	0	0	0	0
Red Dot Air	0	0	0	0	0	0	0	0	35	53	55	55	55
Redbird	0	0	0	0	84	102	106	0	0	0	0	12	19
redshirtshuttleways	19	0	0	2	21	21	0	0	0	0	0	0	0
Redwing Air	0	0	0	0	0	0	23	0	0	0	0	0	0
RegiumAir	0	0	0	0	0	0	0	0	7	0	0	0	0
Republic Air	9	9	0	0	0	0	0	0	0	0	0	0	0
Republic Airlines	0	0	0	0	0	39	0	0	0	0	0	0	0
Rheinluft	132	141	155	172	221	240	256	0	20	43	67	80	86
Rocky Mountain Air	60	65	66	72	89	99	125	0	0	0	0	0	0
Rogerin Company	0	0	0	0	0	0	0	0	0	0	0	0	0
Royal Air Maroc	0	0	0	0	0	0	0	0	8	8	8	0	0
Royal Airways	8	14	14	0	0	0	0	0	0	0	0	0	0
Royal Jordanian	0	0	0	0	0	0	0	0	0	0	0	0	0
Rush Air	0	0	0	0	0	0	9	0	0	0	0	0	0
Russian North Airlines	0	0	0	0	0	0	13	0	0	0	0	0	0
RyanAir	0	0	0	0	0	0	0	0	0	0	0	0	0
RyanReynoldsAir	0	0	0	0	0	0	0	0	5	15	31	38	39
RyanReynoldsOfficial	37	40	40	48	81	81	82	0	0	0	0	0	0
SA Sky	447	491	491	491	64	74	74	0	9	14	25	29	29
Sanction Global	0	0	0	0	0	0	0	0	58	178	266	296	313
Sandbox Air	0	0	0	0	0	0	0	0	0	0	0	0	0
Sapphire Airways	0	0	0	0	5	12	50	0	0	0	0	0	0
SAS	0	0	0	0	0	0	0	0	28	69	126	158	162
Scimitar	0	0	0	0	0	0	0	0	0	0	0	0	0
Senjutsu	47	50	46	34	0	0	29	0	53	115	155	210	211
Sheep Airways	0	0	0	0	2	2	0	0	0	0	0	0	0
Siam Air	0	0	0	0	0	0	0	0	0	0	0	0	0
SimpliFly	0	0	0	0	22	41	68	0	0	0	0	0	0
SimpliFLY	0	0	0	0	0	0	0	0	32	70	70	64	67
Simson Air	4	4	0	0	0	0	0	0	0	0	0	0	0
Sing	0	0	0	0	0	0	0	0	0	0	0	0	0
Singapore Airlines	36	38	44	47	0	0	0	0	0	0	0	0	0
Sky Air	0	0	0	7	9	0	0	0	0	0	6	12	19
Sky Pooxle	17	38	46	44	111	121	163	0	11	11	0	0	0
Sky Quickie	71	83	83	113	0	0	0	0	0	0	0	0	0
SkyDreamer Airline	0	0	0	0	0	0	0	0	0	0	0	11	15
SkyFly	36	36	36	36	39	39	39	0	40	61	101	127	136
Skylanes	0	0	0	0	0	0	0	0	0	0	0	0	0
SkyLinx	0	0	0	0	14	14	0	0	0	0	0	0	0
Skyway	0	0	0	0	0	0	0	0	11	38	47	55	65
SkyWest Airlines	0	0	0	0	0	10	0	0	0	0	0	0	0
Slava Airways	0	0	0	0	0	0	0	0	13	22	26	27	27
Slovak International Air Lines	0	0	0	0	0	0	0	0	0	0	0	0	0
Smartwings	41	47	69	92	148	148	0	0	0	0	0	0	0
Snoopy Air	0	0	0	0	0	0	0	0	0	0	0	0	0
Solaris	19	19	19	0	0	0	0	0	0	0	0	0	0
Soleil	8	8	0	0	0	0	0	0	0	0	0	0	0
South African Airways	0	0	0	0	0	0	0	0	4	20	23	30	32
Southern Airlines	66	76	94	108	132	132	0	0	0	0	0	0	0
SouthWest	0	0	0	0	0	0	0	0	0	0	0	0	0
Southworst	48	7	25	37	67	71	71	0	8	34	34	34	34
Spandau Air	128	143	183	205	236	255	257	0	11	32	62	90	90
SpiceJet	0	0	0	0	0	0	0	0	19	69	79	79	79
Sprint Air	0	0	0	0	0	0	0	0	6	21	31	44	49
Starlux Airlines	0	0	0	0	7	9	19	0	0	0	0	0	0
Starwood Rising	0	0	0	0	0	0	0	0	0	0	0	0	0
SteveCorp	0	0	0	0	0	0	0	0	0	0	0	0	0
steven	17	23	25	26	42	42	0	0	0	0	0	0	0
Stopover Airlines	0	0	4	0	0	0	0	0	0	0	0	0	0
Stout Air	0	0	0	0	0	13	110	0	0	0	0	0	0
Stride Air	0	0	0	0	0	0	0	0	0	18	32	32	32
Strider Air	0	0	0	0	0	3	0	0	0	0	0	0	0
Sunshine Airways	0	0	0	0	0	0	0	0	0	0	0	0	0
SUPER	15	15	15	17	27	31	31	0	5	5	5	5	5
SUPER Africa	8	8	10	12	14	14	15	0	0	0	0	0	0
SUPER America	0	0	8	2	0	0	0	0	0	0	0	0	0
SUPER Asia	0	0	0	0	13	6	6	0	0	0	0	0	0
SUPER Europe	0	0	0	4	0	0	0	0	0	0	0	0	0
SUPER Freedom	0	0	0	0	12	12	0	0	0	0	0	0	0
SUPER Stardom	0	0	0	0	0	0	0	0	1	2	2	2	2
Swan and Ravens	42	44	13	34	60	60	60	0	0	0	0	0	0
swift	0	0	0	0	0	0	0	0	31	83	141	173	176
SwiftAir	4	0	0	0	0	0	0	0	0	0	0	0	0
SWISS Air	27	27	27	28	0	0	0	0	0	0	0	0	0
Synlines	0	0	0	0	0	0	0	0	0	7	9	11	11
tachyon	0	0	7	9	0	0	0	0	6	29	55	55	55
TAPI	0	0	0	0	0	0	0	0	0	0	0	0	0
Test airline please ignore	0	0	0	0	0	0	12	0	0	0	0	0	0
Test Chicken	0	0	0	0	0	0	0	0	0	5	5	0	0
Testy	110	119	119	116	161	154	197	0	41	62	83	102	106
Testytwo	0	0	0	0	0	0	0	0	0	0	0	0	0
The Core Airlines	27	27	30	30	31	10	10	0	2	4	6	8	8
The Jumbo Kingo	0	0	0	0	0	0	0	0	11	0	0	0	0
The Koalita	0	0	0	0	0	0	0	0	58	141	236	283	283
The Magic School Bus	65	4	32	52	63	63	0	0	0	0	0	0	0
Tiger	0	0	0	0	0	0	0	0	5	20	0	0	0
Tigerair	0	0	0	0	0	0	0	0	8	23	23	23	23
Tipsy Airlines	0	0	0	0	0	0	0	0	4	4	0	0	0
To The Sky Airline	123	139	164	218	42	67	92	0	27	43	61	81	90
TOPSWISS	0	0	0	0	0	0	0	0	1	1	0	0	0
Trans Atlantic Airways	0	0	0	0	0	9	0	0	0	0	0	0	0
Treter	0	0	0	0	0	0	0	0	0	0	0	6	6
Tri Air	0	2	7	12	14	0	0	0	0	0	0	0	0
Trinity Airlines	82	90	131	145	204	219	245	0	41	87	122	148	148
tsyric	0	0	0	0	0	0	0	0	12	13	7	7	7
TTT AAA	0	0	4	5	25	0	0	0	0	0	0	0	0
Tunisian Airways	0	0	0	0	0	0	0	0	0	0	0	0	0
Turkish Airlines	0	0	0	0	0	0	0	0	29	61	80	88	88
Turkish Airlines TK	0	0	0	0	0	0	0	0	21	43	60	79	87
TWA	0	0	0	0	0	0	0	0	3	20	44	57	63
Tyne Tees Airways	44	54	59	75	97	101	127	0	18	45	78	104	107
Tyne Tees Airways Again	0	0	0	0	0	0	0	0	17	40	63	79	87
Uber Airways	0	0	0	0	0	0	0	0	27	52	71	87	91
UM air	0	0	0	0	0	0	0	0	0	0	0	0	0
United	0	0	0	0	0	0	0	0	10	28	17	18	24
United against Global	0	0	0	0	0	0	0	0	68	237	396	454	473
United Airlines	0	0	0	0	0	0	0	0	0	0	0	0	0
Usagi Hop	22	36	42	50	50	50	0	0	0	0	0	0	0
UwU	0	0	0	0	0	0	0	0	0	2	0	0	0
Uz Airways	0	0	0	0	0	0	0	0	0	0	22	28	28
Valiant Airways	0	0	0	0	0	0	13	0	0	0	0	0	0
VantAir	0	0	0	0	0	8	0	0	0	0	0	0	0
VantAir Berapi	0	0	0	0	0	0	0	0	0	33	44	0	0
VantAir Blossom	0	0	0	0	0	0	34	0	8	21	36	61	63
VantAir Condor	0	0	0	0	0	0	3	0	22	50	64	73	76
VantAir Coot	0	0	0	0	0	0	0	0	9	27	52	74	78
VantAir Crescent	0	0	0	0	0	0	37	0	0	0	0	0	0
VantAir Express	0	0	0	0	0	6	0	0	0	0	0	0	0
VantAir Sable	0	0	0	0	0	0	0	0	0	0	0	41	49
VantAir Shuttle	0	0	0	0	0	9	0	0	0	0	0	0	0
VantAir Swift	0	0	0	0	0	0	58	0	11	50	83	105	105
VantAir Tianshang	0	0	0	0	0	0	0	0	0	0	0	54	63
VantAir Togon	0	0	0	0	0	0	0	0	14	0	0	0	0
VantAir Weaver	0	0	0	0	0	0	0	0	14	24	37	49	49
Ventura	0	0	0	0	0	0	0	0	0	0	0	0	0
Vergil	1	0	0	0	0	0	0	0	0	0	0	0	0
Vermont Air	0	0	0	0	0	0	0	0	0	0	1	1	1
Very good airline company	3	3	3	0	0	0	0	0	0	0	0	0	0
Viet Air	0	1	7	25	80	97	106	0	0	0	0	0	0
VikingAir	0	0	0	0	33	36	36	0	0	0	0	0	0
VintageDadBo	0	0	0	0	0	0	0	0	0	0	0	0	0
VintageDadBod	0	0	0	0	0	4	38	0	0	0	0	0	0
Virgin Airlines	80	92	99	122	156	170	207	0	0	0	0	0	0
Virgin Atlantic	59	0	0	0	0	0	0	0	0	0	0	0	0
Vistara	0	0	0	0	0	0	8	0	0	0	0	0	0
Viva Air	0	10	14	17	3	3	8	0	0	0	0	0	0
VNA	0	0	2	2	0	0	0	0	0	0	0	0	0
Void	0	0	0	0	0	0	0	0	0	0	0	0	0
Volatus	0	0	0	0	0	0	0	0	22	21	6	9	9
Voltus Air	0	0	0	0	0	0	0	0	0	0	0	11	15
Vueling	0	0	0	0	0	0	0	0	0	0	0	0	0
WA Defunct	0	0	0	0	0	0	0	0	3	3	0	0	0
Walker Air	27	27	27	0	0	0	0	0	0	0	0	0	0
Wanderlust Atlantic	0	0	0	0	0	0	0	0	18	39	39	0	0
Wanderlust Citylink	0	0	0	0	0	0	0	0	36	72	72	0	0
Wanderlust Eurolink	0	0	0	0	0	0	0	0	0	7	7	0	0
Wanderlust Europa	0	0	0	0	0	0	0	0	5	9	9	0	0
Wanderlust Mex	0	0	0	0	0	0	0	0	0	16	16	0	0
Wanderlust Pacific	0	0	0	0	0	0	0	0	22	43	43	0	0
Wantnots Air	0	0	0	0	0	0	12	0	12	34	37	44	44
We will crash	0	0	0	0	0	0	0	0	17	56	107	145	156
we will not crash	20	46	67	86	145	164	184	0	16	56	81	106	112
western airlines	0	0	0	8	0	0	0	0	0	0	0	0	0
WestJet	0	0	0	0	0	0	0	0	0	0	0	0	0
wewillcrash	7	21	6	29	14	22	46	0	0	0	0	0	0
When Pigs Crash	10	27	72	112	259	301	301	0	11	12	0	0	0
When Pigs Fly	11	11	18	18	53	53	53	0	0	0	0	0	0
Will Fly Airlines	0	0	0	2	24	0	0	0	0	0	0	0	0
Wind Runner Airways	115	114	127	141	163	167	171	0	57	119	120	13	19
Wistful Wombat	0	0	0	0	24	30	57	0	10	13	14	20	23
Wizz Air	0	0	0	0	0	0	0	0	0	0	0	0	0
WizzAir	0	0	0	0	0	0	7	0	0	0	0	0	0
Wolfpack Global	49	49	49	0	0	0	0	0	0	0	0	0	0
WonderWings Express	0	0	0	0	0	0	9	0	0	0	0	0	0
Woodstock Air	0	0	0	0	0	0	0	0	0	0	0	0	0
World Airways	4	3	5	7	10	10	0	0	0	0	0	0	0
World Travel Airlines	0	0	0	0	0	0	1	0	0	0	0	0	0
Worldliner	0	0	0	0	0	0	0	0	0	0	0	0	3
WorldShuttle	0	0	0	0	0	0	0	0	0	0	0	0	0
Worldwide Express	136	170	184	203	323	351	430	0	13	26	56	85	101
WRLDAIR	0	5	6	13	29	29	0	0	0	0	0	0	0
XiamenAir	0	0	0	0	0	0	0	0	0	0	0	11	12
youfly	0	0	0	0	0	0	0	0	0	0	6	0	0
Zephyr Airlines	0	0	0	0	0	0	0	0	0	6	6	0	0
Zulu Air	0	0	0	0	0	0	0	0	11	48	69	89	91
